Fund Name,P1,P2,P3,P4,P5,Topsis Score,Rank
M1,0.94,0.88,6.5,38.8,11.78,0.4740098823481443,5
M2,0.69,0.48,4.4,59.8,16.34,0.5408838381169259,3
M3,0.62,0.38,3.8,41.3,11.53,0.2680107006262673,7
M4,0.63,0.4,6.1,50.5,14.41,0.3371798261248687,6
M5,0.78,0.61,5.2,67.8,18.6,0.6988032677691718,1
M6,0.61,0.37,5.6,34.6,10.3,0.09008066072334099,8
M7,0.69,0.48,4.8,57.8,15.94,0.508913407949948,4
M8,0.75,0.56,6.1,62.4,17.45,0.5955525553708887,2
