Fund Name,P1,P2,P3,P4,P5,Topsis Score,Rank
M1,0.94,0.88,6.5,38.8,11.78,0.5840384375000799,2
M2,0.69,0.48,4.4,59.8,16.34,0.44896497247153616,4
M3,0.62,0.38,3.8,41.3,11.53,0.26175282261801563,8
M4,0.63,0.4,6.1,50.5,14.41,0.39749831632371735,6
M5,0.78,0.61,5.2,67.8,18.6,0.5917499868865574,1
M6,0.61,0.37,5.6,34.6,10.3,0.3159064237602907,7
M7,0.69,0.48,4.8,57.8,15.94,0.44615872871281614,5
M8,0.75,0.56,6.1,62.4,17.45,0.5714234614979178,3
